Workbook

Sheet 📋 HOW TO USE
B2: BOONZ SMART VENDING – FIELD ERP TEST PLAN
B5: Daily Refill & Dispatching | Procurement | Stage 1 (B1 Audit / B2 Receive / B3 Return)
B7: System | E7: Boonz ERP
B8: Field Portal URL | E8: https://boonz-erp.vercel.app/field
B9: Prepared by | E9: Cyril Semaan
B10: Test Date Range | E10: ________________
B11: Tester Name | E11: ________________
B12: Testing Period | E12: Half-day session
B13: Total Test Cases | E13: 53
B14: Refill & Dispatch TCs | E14: 25
B15: Procurement & Stage 1 TCs | E15: 28
B17: HOW TO USE THIS WORKBOOK
B18: STEP 1 – SET UP | D18: Log into boonz-erp.vercel.app using the field_staff test account (driver@boonz.test / Test1234!). Keep a second browser tab open with the Supabase dashboard for DB verification steps. Use Chrome for best compatibility.
B19: STEP 2 – READ EACH TEST CASE | D19: Go to the '🔄 Refill & Dispatch' or '📦 Procurement & Stage 1' sheet. Each row is one test case. Read the TC ID, the Pre-Conditions column first – if not met, mark as 'Blocked' in the Result column and note why.
B20: STEP 3 – FOLLOW THE STEPS | D20: Execute each numbered step exactly as written. Do not skip steps. The Steps column contains everything you need to do in the UI and sometimes in Supabase.
B21: STEP 4 – RECORD THE RESULT | D21: In the Result column, type: ✅ PASS – worked as expected ❌ FAIL – did not match expected result ⚠️ BLOCKED – could not run (missing data / permissions) ⏭️ SKIP – out of scope for this session
B22: STEP 5 – LOG DETAILS | D22: For every FAIL or BLOCKED, go to the '📝 Test Log' sheet and add a row. Paste the TC ID, describe what actually happened, and note any screenshots or error messages.
B23: STEP 6 – EDGE CASES | D23: Rows highlighted in light blue are edge cases (Column H = 'Yes'). These are the trickiest scenarios. Prioritise them in the afternoon session.
B24: PRIORITY GUIDE | D24: 🔴 Critical = must pass before going live 🟠 High = important functional coverage 🟡 Medium = good to have ⚪ Low = nice to verify
B25: SHEETS OVERVIEW | D25: 📋 HOW TO USE → This sheet (start here) 🔄 Refill & Dispatch → Test cases for daily refill flow 📦 Procurement & Stage 1 → Test cases for POs, receiving, audit 📝 Test Log → Fill in your results and notes 📊 Summary → Auto-calculated pass/fail dashboard
B26: TIPS | D26: • Take a screenshot for every FAIL • Note the exact URL and time when the issue occurred • If a step is unclear, ask Cyril before guessing • Mark 'SKIP' rather than leaving blank – it helps the summary count

Sheet 🔄 Refill & Dispatch
A1: BOONZ ERP – REFILL & DISPATCH TEST CASES
A2: TC ID | B2: Module | C2: Test Case Name | D2: URL / Page | E2: Pre-Conditions | F2: Steps (numbered – follow exactly) | G2: Expected Result | H2: Edge Case? | I2: Priority | J2: Result (Pass/Fail/Blocked) | K2: Tester Notes / Observations | L2: Tested By | M2: Date Tested
A3: Dashboard
A4: RD-01 | B4: Dashboard | C4: Field home loads correctly | D4: https://boonz-erp.vercel.app/field | E4: Logged in as any field user. | F4: 1. Open https://boonz-erp.vercel.app/field 2. Check the page loads without error. 3. Verify you see DAILY REFILLS, PROCUREMENT, and INVENTORY sections. 4. Confirm counters (To refill, Machines packed, Machines picked up, Machines dispatched) are visible. | G4: Page loads in < 3s. All four refill counters display. Procurement section shows Open orders & Received today. Inventory section shows expired/near-expiry alerts. | H4: No | I4: High
A5: RD-02 | B5: Dashboard | C5: Refill counter reflects active plan | D5: https://boonz-erp.vercel.app/field | E5: A refill plan has been generated for today (run /refill-engine from admin). | F5: 1. Confirm 'To refill today' shows a number > 0. 2. Confirm 'Machines packed' starts at 0/X. 3. Confirm 'Machines picked up' = 0/X. 4. Confirm 'Machines dispatched' = 0/X. | G5: All 4 counters show correct totals matching the generated plan. Machines packed counter = 0 at start of day. | H5: No | I5: High
A6: Packing
A7: RD-03 | B7: Packing | C7: Packing list shows all machines for today | D7: https://boonz-erp.vercel.app/field/packing | E7: Refill plan exists for today (at least 1 machine). | F7: 1. Navigate to /field/packing. 2. Confirm list shows each machine scheduled for a refill today. 3. Verify each machine card shows: machine name, number of SKUs to pack, and a progress indicator (e.g. '0/5 packed'). | G7: All machines in today's plan appear. SKU counts match the plan. No extra machines appear. | H7: No | I7: High
A8: RD-04 | B8: Packing | C8: Pack a single SKU with correct FIFO batch | D8: https://boonz-erp.vercel.app/field/packing/[machineId] | E8: Machine has at least 1 REFILL line today. Warehouse has stock with 2+ batches (different expiry dates). | F8: 1. Open packing detail for a machine. 2. Find a REFILL line. 3. Open the batch picker. 4. Confirm earliest expiry batch is shown FIRST. 5. Select that batch. 6. Enter the required quantity. 7. Tap 'Pack'. 8. Confirm the line shows as packed (checkmark or green). | G8: Batch picker sorts by expiry date ASC. After packing: refill_dispatching.packed = true, filled_quantity = entered qty, warehouse_inventory.warehouse_stock decremented by that qty. | H8: No | I8: High
A9: RD-05 | B9: Packing | C9: Pack a MIX product – split across variants | D9: https://boonz-erp.vercel.app/field/packing/[machineId] | E9: Machine has a MIX product in today's plan (physical_type = MIX). At least 2 variants exist in WH stock. | F9: 1. Open packing detail for the machine. 2. Locate the MIX product line. 3. Confirm the UI shows variant split percentages. 4. Enter total quantity to pack. 5. Verify the system auto-splits qty across variants per split_pct. 6. Pack each variant. 7. Confirm all variant lines show packed. | G9: Quantities distributed proportionally. If split results in a fraction, system rounds correctly. All variant lines marked packed. Warehouse stock deducted correctly per variant. | H9: Yes | I9: High
A10: RD-06 | B10: Packing | C10: SWAP pair – REMOVE + ADD NEW shown together | D10: https://boonz-erp.vercel.app/field/packing/[machineId] | E10: Machine has a SWAP action in today's plan (a product is being replaced on a shelf). | F10: 1. Open packing detail for the machine. 2. Locate the SWAP pair (should show 'REMOVE: [Product A]' and 'ADD NEW: [Product B]' for the same shelf). 3. Verify both lines appear grouped on the same shelf code. 4. Confirm 'REPLACES' comment is shown. 5. Pack the ADD NEW line (select batch, enter qty, tap Pack). 6. Handle the REMOVE line (no batch needed – drain from pod). 7. Confirm both lines show packed. | G10: Both REMOVE and ADD NEW lines visible for same shelf. ADD NEW packed from WH batch. REMOVE line processed. No orphaned half-pairs. | H10: Yes | I10: High
A11: RD-07 | B11: Packing | C11: Pack underfill – less than planned quantity | D11: https://boonz-erp.vercel.app/field/packing/[machineId] | E11: Machine has a REFILL line. Warehouse has fewer units than the planned quantity. | F11: 1. Open the REFILL line batch picker. 2. Note the available quantity in the batch (less than planned). 3. Enter the available quantity (not the full planned amount). 4. Pack the line. 5. Confirm the system accepts a partial fill (no error). 6. Note filled_quantity saved. | G11: System accepts underfill. filled_quantity = what was entered. Warehouse stock goes to 0 for that batch. No crash or validation error. | H11: Yes | I11: High
A12: RD-08 | B12: Packing | C12: Skip a line – include = false, stock restored | D12: https://boonz-erp.vercel.app/field/packing/[machineId] | E12: A line is visible that can be toggled/skipped (or use a line the operator marked include=false). | F12: 1. On a REFILL line, tap the 'Skip' or exclude toggle. 2. Confirm the line is removed from active packing. 3. Go to warehouse inventory for that product. 4. Confirm the warehouse_stock was NOT decremented (stock still intact). 5. The line should be flagged as a potential drift candidate. | G12: Skipped line does not consume warehouse stock. Line marked include=false. Possible drift candidate created for operator review. | H12: Yes | I12: Medium
A13: RD-09 | B13: Packing | C13: Multi-batch packing – split across 2 batches | D13: https://boonz-erp.vercel.app/field/packing/[machineId] | E13: Machine needs 10 units of a product but Batch A has only 6 and Batch B has 8 (two batches). | F13: 1. Open REFILL line batch picker. 2. Select Batch A (earliest expiry), enter 6. 3. Add Batch B, enter 4. 4. Confirm total = 10. 5. Pack. 6. Verify Batch A deducted by 6, Batch B deducted by 4 in warehouse_inventory. | G13: Both batches deducted correctly. refill_dispatching shows total filled_quantity = 10. No double-decrement. | H13: Yes | I13: High
A14: RD-10 | B14: Packing | C14: All SKUs packed – machine ready for pickup | D14: https://boonz-erp.vercel.app/field/packing/[machineId] | E14: All lines for a machine have been packed (RD-03 through RD-09 completed). | F14: 1. Pack the final remaining line for a machine. 2. Return to /field/packing list. 3. Confirm the machine is no longer in the active packing list (or shows 100% complete). 4. Navigate to /field/pickup. 5. Confirm the machine appears in the pickup list. | G14: Machine status transitions from 'packing' → 'ready_for_pickup'. Machine disappears from packing queue and appears in pickup queue. | H14: No | I14: High
A15: Pickup
A16: RD-11 | B16: Pickup | C16: Pickup list shows only fully packed machines | D16: https://boonz-erp.vercel.app/field/pickup | E16: At least one machine has all SKUs packed. Another machine still has unpacked lines. | F16: 1. Navigate to /field/pickup. 2. Confirm only the fully-packed machine appears. 3. Confirm the partially-packed machine does NOT appear. | G16: Pickup list filters correctly. Only 100%-packed machines shown. Status gate enforced by DB. | H16: No | I16: High
A17: RD-12 | B17: Pickup | C17: Confirm pickup for a machine | D17: https://boonz-erp.vercel.app/field/pickup | E17: Machine appears in pickup list (all packed). | F17: 1. Tap 'Confirm pickup' on the machine. 2. Confirm a success message or the machine disappears from the list. 3. Navigate to /field/dispatching. 4. Confirm the machine now appears in the dispatching queue. | G17: picked_up = true for all lines. Machine moves to 'ready_to_dispatch' state. Appears in dispatching screen. | H17: No | I17: High
A18: RD-13 | B18: Pickup | C18: Cannot pick up machine with unpacked items | D18: https://boonz-erp.vercel.app/field/pickup | E18: Machine has 1 SKU still unpacked. | F18: 1. Try to confirm pickup for a machine that still has unpacked lines. 2. Verify the button is disabled or an error is shown. | G18: System blocks pickup confirmation. Error message shown. Machine stays in packing state. | H18: Yes | I18: High
A19: Dispatching
A20: RD-14 | B20: Dispatching | C20: Dispatching list shows picked-up machines | D20: https://boonz-erp.vercel.app/field/dispatching | E20: At least one machine has been picked up. | F20: 1. Navigate to /field/dispatching. 2. Confirm only picked-up machines appear. 3. Verify machine name, location, and SKU count shown. | G20: Only picked-up machines appear. Message 'Complete pickups first' shown if no pickups done yet. | H20: No | I20: High
A21: RD-15 | B21: Dispatching | C21: Dispatch all lines for a machine – full quantity | D21: https://boonz-erp.vercel.app/field/dispatching/[machineId] | E21: Machine has been picked up. All lines ready to dispatch. | F21: 1. Open dispatching detail for machine. 2. For each line: confirm filled_quantity shown, tap 'Dispatch'. 3. After all lines confirmed, return to dispatching list. 4. Verify machine shows as dispatched. | G21: All lines: dispatched = true. filled_quantity = packed quantity. Machine status = 'done'. Warehouse stock unchanged (already deducted at packing). | H21: No | I21: High
A22: RD-16 | B22: Dispatching | C22: Dispatch underfill – actual < packed quantity | D22: https://boonz-erp.vercel.app/field/dispatching/[machineId] | E22: Machine picked up. Driver has 8 units but machine only has room for 6. | F22: 1. Open dispatch line. 2. Enter 6 as the actual filled_quantity (less than packed 8). 3. Confirm dispatch. 4. Go to /field/inventory. 5. Verify 2 units returned to warehouse_inventory (delta = 8-6 = 2). | G22: B2 path triggered. Delta (2 units) returned to warehouse_inventory. Same batch or new RETURN batch. refill_dispatching.filled_quantity = 6. | H22: Yes | I22: Critical
A23: RD-17 | B23: Dispatching | C23: Return a dispatch line | D23: https://boonz-erp.vercel.app/field/dispatching/[machineId] | E23: A line has been picked up but driver decides to return it (e.g., shelf broken). | F23: 1. On the dispatch line, tap 'Return'. 2. Select a return reason. 3. Confirm. 4. Verify line shows returned = true, filled_quantity = 0. 5. Check warehouse_inventory: stock increased by the packed quantity (B3 path). | G23: B3 path: consumer_stock drained back to warehouse_stock, OR B2 fallback batch updated. refill_dispatching.returned = true. filled_quantity = 0. | H23: Yes | I23: Critical
A24: RD-18 | B24: Dispatching | C24: Trips view shows full status pipeline | D24: https://boonz-erp.vercel.app/field/trips | E24: Some machines in various states (packing / pickup / dispatching / done). | F24: 1. Navigate to /field/trips. 2. Verify each machine shows its current stage. 3. Confirm pipeline: Packing → Ready for Pickup → Ready to Dispatch → In Progress → Done. 4. Verify SKU counts per stage are accurate. | G24: All machines shown with correct stage. Counts match actual DB state. No machine stuck in wrong stage. | H24: No | I24: Medium
A25: Reception
A26: RD-19 | B26: Reception | C26: Receive all dispatches for a machine (admin) | D26: https://boonz-erp.vercel.app/app/refill | E26: All lines dispatched for a machine. Logged in as operator_admin. | F26: 1. Open Admin → /app/refill. 2. Find the dispatched machine. 3. Click 'Receive all dispatches'. 4. Confirm action. 5. Go to /field/pod-inventory. 6. Verify pod_inventory rows created for the machine with correct quantities. 7. Verify item_added = true on all dispatch lines. | G26: RPC receive_all_dispatches_for_machine called. pod_inventory rows created. REMOVE lines drain pod stock. Underfills trigger B2 return. item_added = true. | H26: No | I26: High
A27: RD-20 | B27: Reception | C27: REMOVE line drains pod inventory on reception | D27: https://boonz-erp.vercel.app/app/refill | E27: SWAP executed: REMOVE line dispatched for machine. Pod still had old product in stock. | F27: 1. After receive_all_dispatches, go to /field/pod-inventory for the machine. 2. Find the removed product. 3. Confirm its stock is now 0 or the row is marked removed. | G27: Old pod_inventory row drained. status updated. No ghost stock remaining for the removed product. | H27: Yes | I27: High
A28: Edge Cases
A29: RD-21 | B29: Edge Cases | C29: Machine with 0 refill lines still visible in trips | D29: https://boonz-erp.vercel.app/field/trips | E29: A machine is in the plan but all its lines were skipped (include=false). | F29: 1. Generate a plan where all lines for Machine X are skipped. 2. Navigate to /field/trips. 3. Check if Machine X appears. 4. If it does, verify its state is correctly shown. | G29: Machine not shown (or shown as 0 items). No phantom trips blocking the pipeline. | H29: Yes | I29: Medium
A30: RD-22 | B30: Edge Cases | C30: Expiry filter works on inventory page | D30: https://boonz-erp.vercel.app/field/inventory | E30: Warehouse has products in various expiry states (expired, <3d, <7d, <30d, good). | F30: 1. Navigate to /field/inventory. 2. Filter by 'Expired'. Confirm only expired items shown. 3. Filter by '<=3 days'. Confirm only items expiring within 3 days shown. 4. Filter by '<=7 days'. 5. Filter by '<=30 days'. 6. Filter by 'All'. | G30: Each filter returns correct subset. Expired filter excludes non-expired. Counts consistent with data. | H30: No | I30: Medium
A31: RD-23 | B31: Edge Cases | C31: Warehouse stock cannot go negative on packing | D31: https://boonz-erp.vercel.app/field/packing/[machineId] | E31: Batch has exactly 5 units in stock. | F31: 1. Open batch picker for a REFILL line. 2. Try to enter 6 (more than available). 3. Confirm system prevents overfill. | G31: System shows error or clamps to max available. warehouse_inventory.warehouse_stock never goes below 0. | H31: Yes | I31: Critical
A32: RD-24 | B32: Edge Cases | C32: Dashboard counters update in real-time after packing | D32: https://boonz-erp.vercel.app/field | E32: Refill plan active. 3 machines to pack. | F32: 1. Note counters on /field dashboard. 2. Pack all SKUs for one machine. 3. Refresh /field. 4. Verify 'Machines packed' counter increased by 1. | G32: Counter updates reflect DB state correctly after each action. | H32: No | I32: Medium
A33: RD-25 | B33: Edge Cases | C33: Shelf view shows correct product layout | D33: https://boonz-erp.vercel.app/field/shelf-view/[machineId] | E33: Machine has pod_inventory rows loaded. | F33: 1. Navigate to /field/shelf-view/[machineId] for a known machine. 2. Confirm shelf grid displayed. 3. Verify product names and quantities per shelf code are correct. 4. Compare against /field/pod-inventory for same machine. | G33: Shelf view matches pod_inventory data. No extra or missing shelves. Visual layout matches machine configuration. | H33: No | I33: Low

Sheet 📦 Procurement & Stage 1
A1: BOONZ ERP – PROCUREMENT & STAGE 1 TEST CASES
A2: TC ID | B2: Module | C2: Test Case Name | D2: URL / Page | E2: Pre-Conditions | F2: Steps (numbered – follow exactly) | G2: Expected Result | H2: Edge Case? | I2: Priority | J2: Result (Pass/Fail/Blocked) | K2: Tester Notes / Observations | L2: Tested By | M2: Date Tested
A3: Purchase Orders
A4: PR-01 | B4: Purchase Orders | C4: Purchase orders list – Pending vs All tabs | D4: https://boonz-erp.vercel.app/field/orders | E4: At least one PO exists in the system (received or pending). | F4: 1. Navigate to /field/orders. 2. Default tab is 'Pending' – verify it shows only POs with received_date IS NULL. 3. Click 'All orders' tab. 4. Verify all POs appear (received + pending). 5. Confirm each PO shows: PO ID, supplier, date, product lines count. | G4: Pending tab: only unreceived POs. All orders tab: complete list. Correct grouping by PO ID. | H4: No | I4: High
A5: PR-02 | B5: Purchase Orders | C5: Create a new Purchase Order | D5: https://boonz-erp.vercel.app/field/orders | E5: Logged in as operator_admin or field_staff. At least one supplier and one product exist. | F5: 1. Tap the '+' button or 'New Purchase Order' on /field/orders. 2. Select a supplier. 3. Add a product line: choose boonz_product, enter ordered_qty, price_per_unit_aed, expiry_date. 4. Add a second product line. 5. Tap 'Save' / 'Submit'. 6. Confirm PO appears in Pending tab with correct details. | G5: PO created in purchase_orders table. Shows in Pending tab. Line items correct. received_date = NULL. | H5: No | I5: High
A6: PR-03 | B6: Purchase Orders | C6: PO line shows ordered vs received qty correctly | D6: https://boonz-erp.vercel.app/field/orders | E6: A PO exists that has been partially received (received_qty < ordered_qty on at least one line). | F6: 1. Navigate to /field/orders → All orders. 2. Expand a received PO. 3. For each line: verify ordered_qty and received_qty both displayed. 4. Identify any line where received < ordered. 5. Confirm it's still visible (not hidden). | G6: Both qty fields visible. Short-received lines clearly shown. No data hidden. | H6: Yes | I6: Medium
A7: Receiving
A8: PR-04 | B8: Receiving | C8: Receiving list shows only pending POs | D8: https://boonz-erp.vercel.app/field/receiving | E8: At least one PO with received_date IS NULL exists. | F8: 1. Navigate to /field/receiving. 2. Confirm only pending POs shown. 3. Confirm already-received POs do NOT appear. 4. Verify PO ID, supplier name, and product count shown per PO. | G8: Receiving list filtered to received_date IS NULL. No received POs leak into the list. | H8: No | I8: High
A9: PR-05 | B9: Receiving | C9: Receive a full PO – all lines at full quantity | D9: https://boonz-erp.vercel.app/field/receiving/[poId] | E9: PO with 2+ lines, all pending. Warehouse locations configured. | F9: 1. Open a pending PO from /field/receiving. 2. For each line: enter received_qty = ordered_qty, select wh_location, enter expiry_date. 3. Tap 'Submit' / 'Receive'. 4. Navigate to /field/inventory. 5. Verify new warehouse_inventory rows created with: correct product, warehouse_stock = received_qty, expiration_date entered, status = Active, batch_id starts with 'BATCH-'. | G9: purchase_orders: received_qty set, received_date = today. warehouse_inventory rows created per line. Correct batch_id format. Status = Active. | H9: No | I9: Critical
A10: PR-06 | B10: Receiving | C10: Receive a partial PO – received_qty < ordered_qty | D10: https://boonz-erp.vercel.app/field/receiving/[poId] | E10: PO exists. Supplier short-delivered: 8 units ordered, 5 delivered. | F10: 1. Open pending PO. 2. For a line, enter received_qty = 5 (ordered was 8). 3. Enter location and expiry. 4. Submit. 5. Verify warehouse_inventory.warehouse_stock = 5 (not 8). 6. Verify purchase_orders.received_qty = 5. | G10: System accepts partial receive. warehouse_inventory correct. purchase_orders shows actual received quantity. | H10: Yes | I10: High
A11: PR-07 | B11: Receiving | C11: Receive with a new location not previously used | D11: https://boonz-erp.vercel.app/field/receiving/[poId] | E11: PO pending. A new warehouse location (e.g. 'Shelf C-4') not yet in the system. | F11: 1. Open pending PO. 2. On a line, type a new location name that doesn't exist yet. 3. Enter qty and expiry. 4. Submit. 5. Verify warehouse_inventory.wh_location = the new location name. | G11: System accepts free-text location. No crash. Location saved correctly. | H11: Yes | I11: Medium
A12: PR-08 | B12: Receiving | C12: Location auto-fills from previous batch | D12: https://boonz-erp.vercel.app/field/receiving/[poId] | E12: Product has been received before into a specific location. | F12: 1. Open a PO containing a product that was previously stored in 'Shelf A-1'. 2. Navigate to the line for that product. 3. Verify the wh_location field is pre-filled with 'Shelf A-1' (from most recent batch). | G12: Location pre-populated from most recent warehouse_inventory row for that product. Reduces data entry errors. | H12: Yes | I12: Medium
A13: PR-09 | B13: Receiving | C13: Add PO addition – item not on original PO | D13: https://boonz-erp.vercel.app/field/receiving/[poId] | E13: PO is being received. Supplier delivered an extra product not listed. | F13: 1. Open PO receiving page. 2. Find the 'Add item' / po_additions section. 3. Select a product and enter qty + expiry. 4. Submit. 5. Verify po_additions row created with status = 'pending'. 6. Check admin can see and review it. | G13: po_additions row created. status = 'pending'. Does not create warehouse_inventory automatically (requires admin review). | H13: Yes | I13: Medium
A14: PR-10 | B14: Receiving | C14: Cannot receive same PO twice | D14: https://boonz-erp.vercel.app/field/receiving | E14: PO already fully received (received_date is set). | F14: 1. Navigate to /field/receiving. 2. Confirm the already-received PO does NOT appear. 3. If it somehow appears, try to re-submit. 4. Verify system rejects or prevents duplicate receipt. | G14: Received POs absent from /field/receiving. No double warehouse_inventory creation. | H14: Yes | I14: Critical
A15: Stage 1 – B1 Audit
A16: B1-01 | B16: Stage 1 – B1 Audit | C16: Inventory update creates audit log entry | D16: https://boonz-erp.vercel.app/field/inventory | E16: warehouse_inventory row exists with warehouse_stock > 0. Logged in as operator_admin. | F16: 1. Navigate to /field/inventory. 2. Find a product with known stock (e.g. 10 units). 3. Edit the quantity to 8. 4. Save. 5. In Supabase: query inventory_audit_log for that wh_inventory_id. 6. Verify: old_qty = 10, new_qty = 8, delta = -2, reason populated, audited_at = now. | G16: inventory_audit_log row created. old_qty, new_qty, delta all correct. adjusted_by = operator uid (or NULL if service_role). audited_at timestamp recent. | H16: No | I16: Critical
A17: B1-02 | B17: Stage 1 – B1 Audit | C17: Audit log captures reason field | D17: https://boonz-erp.vercel.app/field/inventory | E17: Same as B1-01. | F17: 1. Edit warehouse stock with a specific reason (e.g. 'damaged goods'). 2. Save. 3. Check inventory_audit_log. 4. Verify reason field contains the reason string entered. | G17: reason field populated. Not blank or NULL unless system mutation (which has a system reason). | H17: No | I17: High
A18: B1-03 | B18: Stage 1 – B1 Audit | C18: Service-role mutations have nullable adjusted_by | D18: Supabase (DB check) | E18: A service-role / cron job mutation has occurred (e.g. n8n-triggered stock update). | F18: 1. Identify a recent inventory_audit_log row created by a background process. 2. In Supabase: verify adjusted_by IS NULL for that row. 3. Confirm reason field explains the source. | G18: adjusted_by = NULL allowed for service_role mutations. reason field describes the source. No DB constraint violation. | H18: Yes | I18: High
A19: B1-04 | B19: Stage 1 – B1 Audit | C19: Drift candidates appear after underfill dispatch | D19: Supabase (DB check) | E19: A dispatch line was underfilled (filled_qty < planned_qty) and dispatched. | F19: 1. After an underfill dispatch (see RD-16), query inventory_drift_candidates in Supabase. 2. Verify a row exists for that dispatch_id. 3. Check: planned_qty, filled_qty, qty_gap = planned - filled, status = 'pending_review'. | G19: inventory_drift_candidates row created. qty_gap correct. status = pending_review. Machine and product correctly identified. | H19: Yes | I19: Critical
A20: B1-05 | B20: Stage 1 – B1 Audit | C20: Operator can review and resolve drift candidates | D20: https://boonz-erp.vercel.app/app (admin) | E20: Drift candidates exist in pending_review status. | F20: 1. Log in as operator_admin. 2. Navigate to the drift review section (admin dashboard). 3. Find a pending_review drift candidate. 4. Resolve it: mark as 'confirmed_drift', 'ignored', or 'repaired'. 5. Verify status updated in inventory_drift_candidates table. | G20: Status transitions correctly. reviewed_by = operator uid. reviewed_at timestamp set. No pending_review candidates remain after resolution. | H20: No | I20: High
A21: Stage 1 – B2 Receive
A22: B2-01 | B22: Stage 1 – B2 Receive | C22: Receive dispatch line – full quantity | D22: https://boonz-erp.vercel.app/app/refill | E22: All lines dispatched for a machine. Logged in as operator_admin. | F22: 1. On admin /app/refill, trigger 'Receive all' for a machine where filled_qty = packed_qty on all lines. 2. Verify pod_inventory rows created with correct quantities. 3. Verify warehouse_inventory unchanged (no delta). 4. Verify item_added = true. | G22: Full receive: pod_inventory correct. No unnecessary warehouse adjustments. item_added = true. | H22: No | I22: Critical
A23: B2-02 | B23: Stage 1 – B2 Receive | C23: Receive dispatch line – underfill triggers delta return | D23: https://boonz-erp.vercel.app/app/refill | E23: Dispatched machine with filled_qty < planned_qty on at least one line. | F23: 1. Trigger receive_all for the machine. 2. Note which lines had underfill. 3. Check warehouse_inventory for those products. 4. Verify delta (planned_qty - filled_qty) was returned to warehouse_stock. 5. Verify batch_id of returned stock (same batch or new RETURN row). | G23: B2 path: delta returned to correct warehouse batch. warehouse_inventory.warehouse_stock increased by delta. pod_inventory reflects actual filled_qty. | H23: Yes | I23: Critical
A24: B2-03 | B24: Stage 1 – B2 Receive | C24: REMOVE line drains pod inventory on receive | D24: https://boonz-erp.vercel.app/app/refill | E24: SWAP dispatched: REMOVE line for an old product on a machine. | F24: 1. Trigger receive_all for a machine with a REMOVE line. 2. Check pod_inventory for the removed product on that machine. 3. Verify stock = 0 or row is archived. | G24: Pod stock for REMOVE product goes to 0. No ghost stock. New ADD NEW product has its pod_inventory row created. | H24: Yes | I24: High
A25: B2-04 | B25: Stage 1 – B2 Receive | C25: receive_all is idempotent – can be called twice safely | D25: https://boonz-erp.vercel.app/app/refill | E25: Machine already fully received. | F25: 1. Trigger receive_all for a machine that was already received. 2. Verify no duplicate pod_inventory rows created. 3. Verify warehouse_inventory not double-debited. | G25: Second call is a no-op. No duplicates. DB state unchanged from first call. item_added check prevents re-processing. | H25: Yes | I25: Critical
A26: Stage 1 – B3 Return
A27: B3-01 | B27: Stage 1 – B3 Return | C27: Return dispatch line via B3 (consumer_stock path) | D27: https://boonz-erp.vercel.app/field/dispatching/[machineId] | E27: A line has been picked up but not yet dispatched. consumer_stock reserved. | F27: 1. On the dispatch detail page, tap 'Return' on a line. 2. Enter return reason. 3. Confirm. 4. Query warehouse_inventory for that product + machine. 5. Verify consumer_stock drained back to warehouse_stock on same row. | G27: B3 path: consumer_stock = 0, warehouse_stock += returned qty. refill_dispatching.returned = true, filled_quantity = 0, return_reason saved. | H27: Yes | I27: Critical
A28: B3-02 | B28: Stage 1 – B3 Return | C28: Return falls back to B2 path when no consumer_stock | D28: https://boonz-erp.vercel.app/field/dispatching/[machineId] | E28: Return triggered but consumer_stock column is NULL or 0 for that batch. | F28: 1. Return a line where no consumer_stock reservation exists. 2. Verify system falls back to B2 path: finds original batch by product+expiry, adds back to warehouse_stock. 3. Confirm returned = true, filled_quantity = 0. | G28: B2 fallback used. Correct batch found. warehouse_stock restored. No crash. Return recorded. | H28: Yes | I28: High
A29: B3-03 | B29: Stage 1 – B3 Return | C29: Return creates new RETURN batch as last resort | D29: https://boonz-erp.vercel.app/field/dispatching/[machineId] | E29: Return triggered but original batch no longer exists (e.g. expired or fully consumed by another dispatch). | F29: 1. Force a scenario where original batch is gone. 2. Return the line. 3. In Supabase: check warehouse_inventory for a new row with batch_id starting 'RETURN-'. 4. Verify qty = returned amount. | G29: New RETURN batch created. batch_id = 'RETURN-<date>'. warehouse_stock = returned qty. status = Active. | H29: Yes | I29: High
A30: B3-04 | B30: Stage 1 – B3 Return | C30: Return is idempotent – cannot double-return | D30: https://boonz-erp.vercel.app/field/dispatching/[machineId] | E30: A line has already been returned (returned = true). | F30: 1. Try to return a line that already has returned = true. 2. Verify the system blocks or no-ops the second return. 3. Verify warehouse_inventory stock not doubled. | G30: Second return call is a no-op. Stock not duplicated. returned stays true. Error message or silent no-op. | H30: Yes | I30: Critical
A31: B3-05 | B31: Stage 1 – B3 Return | C31: return_all_dispatches for machine returns all lines atomically | D31: https://boonz-erp.vercel.app/app/refill | E31: A machine was dispatched and all lines need to be bulk-returned. | F31: 1. On admin /app/refill, find the machine. 2. Trigger 'Return all dispatches'. 3. Verify all dispatch lines for the machine: returned = true, filled_quantity = 0. 4. Verify warehouse_inventory restored for all products. | G31: Bulk return atomic. All lines returned. Stock restored for each. No partial state. | H31: Yes | I31: High
A32: Procurement Edge Cases
A33: PR-EC-01 | B33: Procurement Edge Cases | C33: PO with zero ordered_qty line – validation | D33: https://boonz-erp.vercel.app/field/orders | E33: Attempting to create a PO. | F33: 1. Try to create a PO and add a line with ordered_qty = 0. 2. Try to submit. 3. Verify system rejects or shows validation error. | G33: Validation blocks zero-qty line. Error message clear. PO not saved with invalid lines. | H33: Yes | I33: Medium
A34: PR-EC-02 | B34: Procurement Edge Cases | C34: Receive qty > ordered qty – system behavior | D34: https://boonz-erp.vercel.app/field/receiving/[poId] | E34: PO has a line with ordered_qty = 10. | F34: 1. On receiving page, enter received_qty = 15 (more than ordered). 2. Submit. 3. Verify: does system allow it? If yes, verify warehouse_inventory created with 15. If no, verify error shown. | G34: Document actual behavior. If allowed: warehouse shows 15. If blocked: clear error. Ensure no silent data corruption. | H34: Yes | I34: High
A35: PR-EC-03 | B35: Procurement Edge Cases | C35: Inventory status auto-reactivates when stock added | D35: https://boonz-erp.vercel.app/field/inventory | E35: A warehouse_inventory row has status = Inactive (stock = 0). | F35: 1. Find or create an Inactive stock row (status = Inactive, warehouse_stock = 0). 2. Add stock via a receive action or direct edit. 3. Verify status flips to Active automatically. | G35: Status auto-transitions: Inactive → Active when warehouse_stock > 0. No manual step needed. | H35: Yes | I35: Medium
A36: PR-EC-04 | B36: Procurement Edge Cases | C36: FIFO ordering in dispatch matches oldest batch first | D36: Supabase (DB check) + /field/packing | E36: 2 batches of same product: Batch A expiry 01-May-26, Batch B expiry 15-Mar-26. | F36: 1. On packing page, open batch picker for the product. 2. Verify Batch B (15-Mar-26, earlier) appears FIRST. 3. Verify Batch A (01-May-26) appears second. 4. If a batch has no expiry (NULL), verify it appears LAST. | G36: FIFO enforced: expiration_date ASC NULLS LAST. Earliest expiry batch always first in picker. | H36: Yes | I36: Critical

Sheet 📝 Test Log
A1: BOONZ ERP – TEST LOG (fill in every FAIL, BLOCKED, or noteworthy finding)
A2: Log ID | B2: TC ID | C2: Tested By | D2: Date Tested | E2: Time | F2: Environment | G2: Result (Pass/Fail/Blocked/Skip) | H2: Actual Behaviour Observed | I2: Screenshots / Evidence | J2: Bug / Issue Description | K2: Root Cause Hypothesis | L2: Follow-up Action | M2: Resolved? (Y/N)
A3: =IF(B3<>"",ROW()-2,"")
A4: =IF(B4<>"",ROW()-2,"")
A5: =IF(B5<>"",ROW()-2,"")
A6: =IF(B6<>"",ROW()-2,"")
A7: =IF(B7<>"",ROW()-2,"")
A8: =IF(B8<>"",ROW()-2,"")
A9: =IF(B9<>"",ROW()-2,"")
A10: =IF(B10<>"",ROW()-2,"")
A11: =IF(B11<>"",ROW()-2,"")
A12: =IF(B12<>"",ROW()-2,"")
A13: =IF(B13<>"",ROW()-2,"")
A14: =IF(B14<>"",ROW()-2,"")
... A42: =IF(B42<>"",ROW()-2,"")

Sheet 📊 Summary
B1: BOONZ ERP – TESTING SUMMARY DASHBOARD
B3: 📊 OVERALL TEST PROGRESS
B4: Total Test Cases | C4: ✅ PASS | D4: ❌ FAIL | E4: ⚠️ BLOCKED | F4: ⏭️ SKIP | G4: Not Yet Tested
B5: 53 | C5: =COUNTIF('📝 Test Log'!G:G,"✅ PASS") -> 0 | D5: =COUNTIF('📝 Test Log'!G:G,"❌ FAIL") -> 0 | E5: =COUNTIF('📝 Test Log'!G:G,"⚠️ BLOCKED") -> 0 | F5: =COUNTIF('📝 Test Log'!G:G,"⏭️ SKIP") -> 0 | G5: =53-COUNTA('📝 Test Log'!G3:G42) -> 53
B7: 📋 MODULE BREAKDOWN
B8: Module | C8: Total TCs | D8: Critical TCs | E8: Edge Case TCs | F8: Notes
B9: Refill & Dispatch | C9: 25 | D9: 3 | E9: 11 | F9: Full end-to-end daily flow
B10: Procurement & Stage 1 | C10: 28 | D10: 10 | E10: 20 | F10: PO create → receive → B1/B2/B3 audit
B12: 🔴 CRITICAL TEST CASES (must pass before go-live)
B13: TC ID | C13: Test Case Name
B14: RD-16 | C14: Dispatch underfill – actual < packed quantity
B15: RD-17 | C15: Return a dispatch line
B16: RD-23 | C16: Warehouse stock cannot go negative on packing
B17: PR-05 | C17: Receive a full PO – all lines at full quantity
B18: PR-10 | C18: Cannot receive same PO twice
B19: B1-01 | C19: Inventory update creates audit log entry
B20: B1-04 | C20: Drift candidates appear after underfill dispatch
B21: B2-01 | C21: Receive dispatch line – full quantity
B22: B2-02 | C22: Receive dispatch line – underfill triggers delta return
B23: B2-04 | C23: receive_all is idempotent – can be called twice safely
B24: B3-01 | C24: Return dispatch line via B3 (consumer_stock path)
... B26: PR-EC-04 | C26: FIFO ordering in dispatch matches oldest batch first
B28: 💡 LEGEND & TIPS
B29: • Light blue rows in TC sheets = Edge Cases (trickiest scenarios, test these carefully)
B30: • 🔴 Critical priority = blocking issues for go-live. All must be PASS.
B31: • 🟠 High priority = important functional tests. Aim for 100% coverage.
B32: • Test Log sheet tracks every anomaly – fill it in even for minor observations.
B33: • Re-test FAIL items after a fix is deployed before marking resolved.
